Employee_ID,Attendance_Rate,Performance_Score_1to10,Manager_Feedback
E001,0.98,9,"Sarah consistently exceeds expectations and takes initiative on complex projects. She mentors junior team members and demonstrates exceptional problem-solving skills. Her innovative approach has saved the company significant time and resources."
E002,0.85,6,"John meets basic requirements but often needs reminders to complete tasks on time. He struggles with prioritization and occasionally misses deadlines. However, he shows willingness to improve when given clear direction."
E003,0.95,8,"Maria is a reliable team player who consistently delivers quality work. She collaborates well with others and actively seeks feedback to improve her performance. Her attention to detail is commendable."
E004,0.72,5,"David's attendance has been concerning, affecting team productivity. While he has technical skills, his lack of reliability makes it difficult to assign critical tasks. He needs improvement in time management and commitment."
E005,0.99,10,"Emily is an outstanding performer who goes above and beyond in every task. She demonstrates leadership qualities, drives innovation, and consistently achieves exceptional results. She is a role model for the entire team."
E006,0.88,7,"Michael shows solid performance and good teamwork. He completes assignments competently and maintains positive relationships with colleagues. There is room for growth in taking on more challenging responsibilities."
E007,0.91,8,"Lisa exhibits strong analytical skills and proactive communication. She identifies potential issues before they escalate and proposes effective solutions. Her dedication to continuous learning is impressive."
E008,0.65,4,"Robert has struggled with meeting performance standards this quarter. His work quality is inconsistent and he frequently requires supervision. Improvement is needed in both attendance and output quality."
E009,0.96,9,"Amanda demonstrates exceptional leadership potential and strategic thinking. She successfully led multiple high-priority projects and significantly improved team efficiency. Her positive attitude inspires those around her."
E010,0.89,7,"Kevin is dependable and technically competent. He maintains steady performance and follows processes well. While he meets expectations, he could benefit from developing more initiative and creative problem-solving skills."
